,Date,open,high,low,close,V,Hour
0,2018-10-11 10:00:00,31700,31728,31700,31718,30,10
1,2018-10-11 11:00:00,31718,31724,31705,31716,3,11
2,2018-10-11 12:00:00,31716,31797,31716,31795,7,12
3,2018-10-11 13:00:00,31795,31795,31673,31740,2,13
4,2018-10-11 14:00:00,31740,31800,31740,31800,2,14
5,2018-10-11 15:00:00,31800,31884,31800,31884,33,15
6,2018-10-11 16:00:00,31884,31905,31836,31842,11,16
7,2018-10-11 17:00:00,31842,31875,31842,31855,3,17
8,2018-10-11 18:00:00,31855,31977,31855,31890,64,18
9,2018-10-11 19:00:00,31890,31998,31890,31998,18,19
10,2018-10-11 20:00:00,31998,32200,31994,32110,93,20
11,2018-10-11 21:00:00,32110,32206,32110,32145,24,21
12,2018-10-11 22:00:00,32145,32224,32120,32220,59,22
13,2018-10-11 23:00:00,32220,32229,32187,32205,102,23
14,2018-10-12 10:00:00,32115,32116,32051,32077,28,10
15,2018-10-12 11:00:00,32077,32115,32077,32082,13,11
16,2018-10-12 12:00:00,32082,32112,32045,32112,36,12
17,2018-10-12 13:00:00,32112,32112,32010,32016,10,13
18,2018-10-12 14:00:00,32016,32022,32016,32022,1,14
19,2018-10-12 15:00:00,32022,32102,32022,32102,1,15
20,2018-10-12 16:00:00,32102,32102,32066,32066,1,16
21,2018-10-12 17:00:00,32066,32100,32066,32089,6,17
22,2018-10-12 18:00:00,32089,32134,32042,32098,29,18
23,2018-10-12 19:00:00,32098,32110,32050,32079,27,19
24,2018-10-12 20:00:00,32079,32079,31965,32047,46,20
25,2018-10-12 21:00:00,32047,32060,32042,32055,5,21
26,2018-10-12 22:00:00,32055,32092,32055,32070,8,22
27,2018-10-12 23:00:00,32070,32101,32070,32080,14,23
28,2018-10-15 10:00:00,32100,32220,32100,32220,32,10
29,2018-10-15 11:00:00,32220,32316,32220,32310,22,11
30,2018-10-15 12:00:00,32310,32430,32300,32430,30,12
31,2018-10-15 13:00:00,32430,32430,32375,32430,103,13
32,2018-10-15 14:00:00,32430,32530,32430,32510,97,14
33,2018-10-15 15:00:00,32510,32527,32500,32500,15,15
34,2018-10-15 16:00:00,32500,32500,32410,32413,9,16
35,2018-10-15 17:00:00,32413,32432,32396,32405,9,17
36,2018-10-15 18:00:00,32428,32428,32263,32344,50,18
37,2018-10-15 19:00:00,32344,32440,32344,32392,11,19
38,2018-10-15 20:00:00,32392,32392,32322,32327,9,20
39,2018-10-15 21:00:00,32327,32359,32327,32359,9,21
40,2018-10-15 22:00:00,32359,32359,32359,32359,0,22
41,2018-10-15 23:00:00,32359,32359,32295,32322,15,23
42,2018-10-16 10:00:00,32324,32353,32320,32345,52,10
43,2018-10-16 11:00:00,32345,32362,32340,32362,14,11
44,2018-10-16 12:00:00,32362,32369,32308,32316,20,12
45,2018-10-16 13:00:00,32316,32334,32308,32329,32,13
46,2018-10-16 14:00:00,32329,32331,32271,32297,10,14
47,2018-10-16 15:00:00,32297,32330,32273,32287,25,15
48,2018-10-16 16:00:00,32287,32315,32250,32250,31,16
49,2018-10-16 17:00:00,32250,32266,32210,32238,17,17
50,2018-10-16 18:00:00,32238,32309,32181,32196,19,18
51,2018-10-16 19:00:00,32196,32267,32196,32267,6,19
52,2018-10-16 20:00:00,32267,32267,32192,32192,7,20
53,2018-10-16 21:00:00,32192,32192,32139,32162,25,21
54,2018-10-16 22:00:00,32162,32188,32139,32143,35,22
55,2018-10-16 23:00:00,32143,32160,32120,32120,57,23
56,2018-10-17 10:00:00,32100,32100,32043,32062,90,10
57,2018-10-17 11:00:00,32062,32112,32045,32087,21,11
58,2018-10-17 12:00:00,32087,32120,32087,32120,3,12
59,2018-10-17 13:00:00,32120,32140,32120,32140,7,13
60,2018-10-17 14:00:00,32140,32200,32140,32200,14,14
61,2018-10-17 15:00:00,32200,32236,32200,32221,3,15
62,2018-10-17 16:00:00,32221,32244,32221,32244,3,16
63,2018-10-17 17:00:00,32244,32267,32209,32209,20,17
64,2018-10-17 18:00:00,32209,32251,32208,32208,9,18
65,2018-10-17 19:00:00,32208,32249,32179,32248,16,19
66,2018-10-17 20:00:00,32248,32248,32190,32190,5,20
67,2018-10-17 21:00:00,32190,32190,32151,32151,3,21
68,2018-10-17 22:00:00,32151,32167,32100,32131,8,22
69,2018-10-17 23:00:00,32131,32146,32101,32110,18,23
70,2018-10-18 17:00:00,32164,32171,32163,32171,3,17
71,2018-10-18 18:00:00,32171,32171,32101,32124,8,18
72,2018-10-18 19:00:00,32124,32215,32124,32215,5,19
73,2018-10-18 20:00:00,32215,32251,32184,32250,25,20
74,2018-10-18 21:00:00,32250,32351,32250,32300,128,21
75,2018-10-18 22:00:00,32300,32309,32300,32309,5,22
76,2018-10-18 23:00:00,32309,32340,32300,32330,5,23
77,2018-10-19 10:00:00,32200,32229,32195,32200,25,10
78,2018-10-19 11:00:00,32200,32221,32185,32212,20,11
79,2018-10-19 12:00:00,32212,32221,32135,32135,20,12
80,2018-10-19 13:00:00,32135,32181,32135,32171,5,13
81,2018-10-19 14:00:00,32171,32191,32171,32191,3,14
82,2018-10-19 15:00:00,32191,32214,32191,32211,7,15
83,2018-10-19 16:00:00,32211,32211,32115,32178,13,16
84,2018-10-19 17:00:00,32178,32190,32150,32190,5,17
85,2018-10-19 18:00:00,32190,32191,32169,32191,16,18
86,2018-10-19 19:00:00,32191,32200,32184,32186,12,19
87,2018-10-19 20:00:00,32186,32194,32150,32150,2,20
88,2018-10-19 21:00:00,32150,32180,32150,32180,13,21
89,2018-10-19 22:00:00,32180,32208,32180,32208,1,22
90,2018-10-19 23:00:00,32208,32208,32141,32177,7,23
91,2018-10-22 10:00:00,32162,32162,32100,32110,31,10
92,2018-10-22 11:00:00,32110,32110,32098,32104,8,11
93,2018-10-22 12:00:00,32104,32116,32093,32116,19,12
94,2018-10-22 13:00:00,32116,32116,32080,32080,7,13
95,2018-10-22 14:00:00,32080,32080,32050,32053,15,14
96,2018-10-22 15:00:00,32053,32101,32053,32100,2,15
97,2018-10-22 16:00:00,32100,32126,32100,32105,8,16
98,2018-10-22 17:00:00,32105,32116,32099,32105,4,17
99,2018-10-22 18:00:00,32105,32125,32099,32099,15,18
100,2018-10-22 19:00:00,32099,32099,32074,32074,4,19
101,2018-10-22 20:00:00,32074,32095,32070,32095,11,20
102,2018-10-22 21:00:00,32095,32150,32095,32146,9,21
103,2018-10-22 22:00:00,32146,32146,32141,32145,7,22
104,2018-10-22 23:00:00,32145,32171,32145,32164,27,23
105,2018-10-23 10:00:00,32200,32255,32200,32236,68,10
106,2018-10-23 11:00:00,32236,32300,32236,32299,17,11
107,2018-10-23 12:00:00,32299,32425,32299,32400,242,12
108,2018-10-23 13:00:00,32400,32470,32371,32470,39,13
109,2018-10-23 14:00:00,32470,32480,32436,32468,40,14
110,2018-10-23 15:00:00,32468,32468,32400,32400,16,15
111,2018-10-23 16:00:00,32400,32420,32400,32400,38,16
112,2018-10-23 17:00:00,32400,32510,32400,32479,48,17
113,2018-10-23 18:00:00,32479,32524,32479,32491,42,18
114,2018-10-23 19:00:00,32491,32500,32401,32401,24,19
115,2018-10-23 20:00:00,32401,32402,32358,32389,31,20
116,2018-10-23 21:00:00,32389,32389,32330,32333,18,21
117,2018-10-23 22:00:00,32333,32333,32261,32297,13,22
118,2018-10-23 23:00:00,32297,32335,32297,32332,5,23
119,2018-10-24 10:00:00,32241,32256,32204,32256,27,10
120,2018-10-24 11:00:00,32256,32274,32197,32197,7,11
121,2018-10-24 12:00:00,32197,32208,32182,32182,33,12
122,2018-10-24 13:00:00,32182,32200,32167,32196,40,13
123,2018-10-24 14:00:00,32196,32196,32142,32142,29,14
124,2018-10-24 15:00:00,32142,32170,32142,32160,30,15
125,2018-10-24 16:00:00,32160,32160,32100,32107,20,16
126,2018-10-24 17:00:00,32107,32138,32040,32138,36,17
127,2018-10-24 18:00:00,32138,32138,32120,32120,10,18
128,2018-10-24 19:00:00,32120,32205,32120,32177,35,19
129,2018-10-24 20:00:00,32177,32200,32140,32140,18,20
130,2018-10-24 21:00:00,32140,32162,32140,32162,2,21
131,2018-10-24 22:00:00,32162,32162,32131,32153,2,22
132,2018-10-24 23:00:00,32153,32170,32153,32170,25,23
133,2018-10-25 10:00:00,32330,32330,32307,32330,82,10
134,2018-10-25 11:00:00,32330,32350,32313,32328,5,11
135,2018-10-25 12:00:00,32328,32328,32220,32229,10,12
136,2018-10-25 13:00:00,32229,32237,32185,32237,30,13
137,2018-10-25 14:00:00,32237,32237,32182,32182,4,14
138,2018-10-25 15:00:00,32182,32182,32182,32182,0,15
139,2018-10-25 16:00:00,32182,32210,32182,32210,2,16
140,2018-10-25 17:00:00,32210,32210,32155,32155,2,17
141,2018-10-25 18:00:00,32155,32218,32155,32172,9,18
142,2018-10-25 19:00:00,32172,32190,32129,32165,25,19
143,2018-10-25 20:00:00,32165,32165,32100,32100,19,20
144,2018-10-25 21:00:00,32100,32161,32100,32161,6,21
145,2018-10-25 22:00:00,32161,32161,32138,32138,2,22
146,2018-10-25 23:00:00,32138,32138,32102,32102,30,23
147,2018-10-26 10:00:00,32200,32230,32200,32227,57,10
148,2018-10-26 11:00:00,32227,32248,32219,32230,25,11
149,2018-10-26 12:00:00,32230,32275,32198,32275,49,12
150,2018-10-26 13:00:00,32275,32310,32275,32300,109,13
151,2018-10-26 14:00:00,32310,32351,32310,32332,64,14
152,2018-10-26 15:00:00,32332,32332,32317,32317,1,15
153,2018-10-26 16:00:00,32317,32325,32281,32324,24,16
154,2018-10-26 17:00:00,32324,32350,32262,32262,32,17
155,2018-10-26 18:00:00,32262,32262,32224,32252,7,18
156,2018-10-26 19:00:00,32252,32280,32252,32270,24,19
157,2018-10-26 20:00:00,32270,32455,32270,32365,266,20
158,2018-10-26 21:00:00,32365,32370,32297,32305,30,21
159,2018-10-26 22:00:00,32305,32305,32160,32180,163,22
160,2018-10-26 23:00:00,32180,32210,32176,32193,6,23
161,2018-10-29 10:00:00,32217,32223,32215,32221,25,10
162,2018-10-29 11:00:00,32221,32259,32221,32259,7,11
163,2018-10-29 12:00:00,32259,32259,32193,32193,7,12
164,2018-10-29 13:00:00,32193,32213,32184,32200,15,13
165,2018-10-29 14:00:00,32200,32200,32130,32175,19,14
166,2018-10-29 15:00:00,32175,32185,32151,32185,9,15
167,2018-10-29 16:00:00,32185,32185,32165,32165,2,16
168,2018-10-29 17:00:00,32165,32179,32162,32170,5,17
169,2018-10-29 18:00:00,32170,32190,32170,32180,5,18
170,2018-10-29 19:00:00,32180,32180,32180,32180,0,19
171,2018-10-29 20:00:00,32180,32204,32162,32162,7,20
172,2018-10-29 21:00:00,32162,32171,32162,32170,13,21
173,2018-10-29 22:00:00,32170,32170,32090,32134,17,22
174,2018-10-29 23:00:00,32134,32160,32134,32160,10,23
175,2018-10-30 11:00:00,32175,32175,32150,32150,4,11
176,2018-10-30 12:00:00,32150,32151,32100,32110,6,12
177,2018-10-30 13:00:00,32110,32110,32042,32042,21,13
178,2018-10-30 14:00:00,32042,32080,32042,32080,25,14
179,2018-10-30 15:00:00,32080,32110,32028,32028,38,15
180,2018-10-30 16:00:00,32028,32061,32028,32061,1,16
181,2018-10-30 17:00:00,32061,32085,32061,32085,7,17
182,2018-10-30 18:00:00,32085,32136,32085,32136,6,18
183,2018-10-30 19:00:00,32136,32136,32066,32090,2,19
184,2018-10-30 20:00:00,32090,32120,32088,32120,5,20
185,2018-10-30 21:00:00,32120,32120,32066,32079,7,21
186,2018-10-30 22:00:00,32079,32083,32059,32083,3,22
187,2018-10-30 23:00:00,32083,32116,32070,32070,4,23
188,2018-10-31 10:00:00,32120,32130,32091,32099,23,10
189,2018-10-31 11:00:00,32099,32130,32099,32106,9,11
190,2018-10-31 12:00:00,32106,32106,32022,32048,28,12
191,2018-10-31 13:00:00,32048,32054,32015,32016,15,13
192,2018-10-31 14:00:00,32016,32059,32000,32000,43,14
193,2018-10-31 15:00:00,32000,32063,32000,32063,28,15
194,2018-10-31 16:00:00,32063,32082,32063,32082,2,16
195,2018-10-31 17:00:00,32082,32090,32025,32036,6,17
196,2018-10-31 18:00:00,32036,32092,31999,32040,65,18
197,2018-10-31 19:00:00,32040,32040,31969,31986,20,19
198,2018-10-31 20:00:00,31986,32029,31986,32029,3,20
199,2018-10-31 21:00:00,32029,32072,32020,32040,8,21
200,2018-10-31 22:00:00,32040,32058,32004,32004,8,22
201,2018-10-31 23:00:00,32004,32021,31989,31995,25,23
202,2018-11-01 10:00:00,32021,32035,32008,32008,51,10
203,2018-11-01 11:00:00,32008,32055,31990,32036,101,11
204,2018-11-01 12:00:00,32036,32100,32036,32070,48,12
205,2018-11-01 13:00:00,32070,32108,32065,32090,71,13
206,2018-11-01 14:00:00,32090,32113,32050,32073,55,14
207,2018-11-01 15:00:00,32073,32075,32040,32058,46,15
208,2018-11-01 16:00:00,32058,32058,31992,32025,16,16
209,2018-11-01 17:00:00,32025,32135,32025,32120,51,17
210,2018-11-01 18:00:00,32120,32127,32095,32109,33,18
211,2018-11-01 19:00:00,32109,32120,32085,32120,25,19
212,2018-11-01 20:00:00,32120,32125,32070,32075,80,20
213,2018-11-01 21:00:00,32075,32084,32070,32084,2,21
214,2018-11-01 22:00:00,32084,32150,32084,32150,22,22
215,2018-11-01 23:00:00,32150,32181,32120,32120,31,23
216,2018-11-02 10:00:00,32078,32078,31950,31971,120,10
217,2018-11-02 11:00:00,31971,32002,31970,31973,71,11
218,2018-11-02 12:00:00,31973,31973,31895,31930,61,12
219,2018-11-02 13:00:00,31930,31945,31930,31939,2,13
220,2018-11-02 14:00:00,31939,31955,31920,31955,7,14
221,2018-11-02 15:00:00,31955,31955,31900,31909,6,15
222,2018-11-02 16:00:00,31909,31914,31890,31891,63,16
223,2018-11-02 17:00:00,31891,31925,31880,31925,65,17
224,2018-11-02 18:00:00,31925,31949,31855,31949,152,18
225,2018-11-02 19:00:00,31949,31960,31922,31960,20,19
226,2018-11-02 20:00:00,31960,31962,31908,31955,40,20
227,2018-11-02 21:00:00,31955,31989,31932,31932,11,21
228,2018-11-02 22:00:00,31932,32007,31932,31975,142,22
229,2018-11-02 23:00:00,31975,32004,31975,32004,12,23
230,2018-11-05 10:00:00,31988,31998,31956,31978,265,10
231,2018-11-05 11:00:00,31978,32050,31978,32050,12,11
232,2018-11-05 12:00:00,32050,32068,32030,32030,51,12
233,2018-11-05 13:00:00,32030,32075,32030,32042,14,13
234,2018-11-05 14:00:00,32042,32065,32042,32046,3,14
235,2018-11-05 15:00:00,32046,32054,32046,32054,1,15
236,2018-11-05 16:00:00,32054,32070,32045,32045,9,16
237,2018-11-05 17:00:00,32045,32066,32035,32040,19,17
238,2018-11-05 18:00:00,32040,32048,31975,31975,52,18
239,2018-11-05 19:00:00,31975,31988,31970,31980,18,19
240,2018-11-05 20:00:00,31980,32030,31980,32014,22,20
241,2018-11-05 21:00:00,32014,32014,31975,31981,10,21
242,2018-11-05 22:00:00,31981,31990,31975,31978,26,22
243,2018-11-05 23:00:00,31978,32000,31938,31952,23,23
244,2018-11-06 10:00:00,31975,31980,31955,31960,102,10
245,2018-11-06 11:00:00,31960,31990,31960,31981,14,11
246,2018-11-06 12:00:00,31981,31987,31977,31987,29,12
247,2018-11-06 13:00:00,31987,32051,31979,32049,41,13
248,2018-11-06 14:00:00,32049,32088,32040,32076,20,14
249,2018-11-06 15:00:00,32076,32095,32075,32095,26,15
250,2018-11-06 16:00:00,32095,32127,32085,32085,28,16
251,2018-11-06 17:00:00,32085,32120,32085,32093,28,17
252,2018-11-06 18:00:00,32093,32098,32065,32065,7,18
253,2018-11-06 19:00:00,32065,32080,32000,32005,25,19
254,2018-11-06 20:00:00,32005,32012,31968,31968,23,20
255,2018-11-06 21:00:00,31968,31968,31913,31941,92,21
256,2018-11-06 22:00:00,31941,31941,31900,31930,97,22
257,2018-11-06 23:00:00,31930,31930,31905,31926,28,23
258,2018-11-07 17:00:00,31875,31900,31830,31859,143,17
259,2018-11-07 18:00:00,31859,31888,31850,31875,29,18
260,2018-11-08 17:00:00,31600,31635,31569,31635,342,17
261,2018-11-08 18:00:00,31635,31635,31597,31635,104,18
262,2018-11-08 19:00:00,31635,31635,31510,31592,171,19
263,2018-11-08 20:00:00,31592,31620,31587,31616,16,20
264,2018-11-08 21:00:00,31616,31675,31585,31675,97,21
265,2018-11-08 22:00:00,31675,31675,31644,31650,34,22
266,2018-11-08 23:00:00,31650,31685,31640,31674,15,23
267,2018-11-09 10:00:00,31610,31635,31600,31635,72,10
268,2018-11-09 11:00:00,31635,31635,31601,31607,5,11
269,2018-11-09 12:00:00,31607,31630,31590,31630,44,12
270,2018-11-09 13:00:00,31630,31630,31595,31614,7,13
271,2018-11-09 14:00:00,31614,31623,31571,31623,15,14
272,2018-11-09 15:00:00,31623,31623,31560,31560,5,15
273,2018-11-09 16:00:00,31560,31560,31516,31516,55,16
274,2018-11-09 17:00:00,31516,31520,31501,31501,33,17
275,2018-11-09 18:00:00,31501,31531,31416,31437,53,18
276,2018-11-09 19:00:00,31437,31437,31241,31290,147,19
277,2018-11-09 20:00:00,31290,31300,31251,31270,97,20
278,2018-11-09 21:00:00,31270,31341,31270,31295,18,21
279,2018-11-09 22:00:00,31295,31332,31272,31332,5,22
280,2018-11-09 23:00:00,31332,31332,31273,31280,25,23
281,2018-11-12 10:00:00,31400,31437,31392,31415,92,10
282,2018-11-12 11:00:00,31415,31425,31393,31397,20,11
283,2018-11-12 12:00:00,31397,31410,31383,31400,33,12
284,2018-11-12 13:00:00,31400,31412,31352,31390,13,13
285,2018-11-12 14:00:00,31390,31400,31365,31385,41,14
286,2018-11-12 15:00:00,31385,31410,31376,31381,22,15
287,2018-11-12 16:00:00,31381,31390,31334,31377,83,16
288,2018-11-12 17:00:00,31377,31426,31376,31402,78,17
289,2018-11-12 18:00:00,31402,31409,31326,31350,104,18
290,2018-11-12 19:00:00,31350,31392,31332,31360,74,19
291,2018-11-12 20:00:00,31360,31363,31262,31278,51,20
292,2018-11-12 21:00:00,31278,31344,31250,31344,10,21
293,2018-11-12 22:00:00,31344,31344,31344,31344,0,22
294,2018-11-12 23:00:00,31344,31344,31280,31320,61,23
295,2018-11-13 10:00:00,31200,31206,31151,31179,125,10
296,2018-11-13 11:00:00,31179,31192,31145,31152,31,11
297,2018-11-13 12:00:00,31152,31190,31136,31150,39,12
298,2018-11-13 13:00:00,31150,31152,31128,31150,43,13
299,2018-11-13 14:00:00,31150,31160,31104,31120,55,14
300,2018-11-13 15:00:00,31120,31120,31015,31045,89,15
301,2018-11-13 16:00:00,31045,31086,31025,31080,20,16
302,2018-11-13 17:00:00,31080,31091,31050,31091,24,17
303,2018-11-13 18:00:00,31091,31140,31078,31110,40,18
304,2018-11-13 19:00:00,31110,31111,31075,31100,9,19
305,2018-11-13 20:00:00,31100,31100,31050,31070,8,20
306,2018-11-13 21:00:00,31070,31075,31050,31050,4,21
307,2018-11-13 22:00:00,31050,31074,31049,31049,11,22
308,2018-11-13 23:00:00,31049,31068,31031,31060,16,23
309,2018-11-14 10:00:00,31000,31000,30921,30921,122,10
310,2018-11-14 11:00:00,30921,30933,30901,30910,39,11
311,2018-11-14 12:00:00,30910,30963,30910,30929,19,12
312,2018-11-14 13:00:00,30929,30935,30919,30930,24,13
313,2018-11-14 14:00:00,30930,30935,30892,30918,21,14
314,2018-11-14 15:00:00,30918,30927,30885,30899,36,15
315,2018-11-14 16:00:00,30899,30931,30899,30910,29,16
316,2018-11-14 17:00:00,30910,30936,30895,30928,18,17
317,2018-11-14 18:00:00,30928,30960,30915,30915,33,18
318,2018-11-14 19:00:00,30915,30925,30872,30875,28,19
319,2018-11-14 20:00:00,30875,30920,30875,30920,7,20
320,2018-11-14 21:00:00,30920,30952,30913,30952,14,21
321,2018-11-14 22:00:00,30952,30977,30942,30967,7,22
322,2018-11-14 23:00:00,30967,31103,30967,31096,37,23
323,2018-11-15 10:00:00,31128,31138,31102,31120,75,10
324,2018-11-15 11:00:00,31120,31150,31120,31150,13,11
325,2018-11-15 12:00:00,31150,31170,31120,31120,48,12
326,2018-11-15 13:00:00,31120,31156,31095,31110,81,13
327,2018-11-15 14:00:00,31110,31137,31088,31137,10,14
328,2018-11-15 15:00:00,31137,31164,31100,31100,7,15
329,2018-11-15 16:00:00,31100,31100,31018,31040,21,16
330,2018-11-15 17:00:00,31040,31067,31000,31000,39,17
331,2018-11-15 18:00:00,31000,31024,30968,31011,19,18
332,2018-11-15 19:00:00,31011,31150,31011,31076,26,19
333,2018-11-15 20:00:00,31076,31100,31055,31100,12,20
334,2018-11-15 21:00:00,31100,31120,31050,31065,8,21
335,2018-11-15 22:00:00,31065,31094,31065,31094,1,22
336,2018-11-15 23:00:00,31094,31094,31036,31083,30,23
337,2018-11-16 10:00:00,31105,31143,31100,31143,48,10
338,2018-11-16 11:00:00,31143,31143,31080,31101,9,11
339,2018-11-16 12:00:00,31101,31101,31080,31080,2,12
340,2018-11-16 13:00:00,31080,31129,31065,31129,12,13
341,2018-11-16 14:00:00,31129,31129,31099,31101,3,14
342,2018-11-16 15:00:00,31101,31120,31100,31115,32,15
343,2018-11-16 16:00:00,31115,31160,31115,31136,14,16
344,2018-11-16 17:00:00,31136,31142,31132,31142,9,17
345,2018-11-16 18:00:00,31142,31221,31106,31221,51,18
346,2018-11-16 19:00:00,31221,31380,31221,31380,349,19
347,2018-11-16 20:00:00,31380,31388,31300,31307,181,20
348,2018-11-16 21:00:00,31307,31307,31250,31250,69,21
349,2018-11-16 22:00:00,31250,31274,31243,31259,83,22
350,2018-11-16 23:00:00,31259,31292,31245,31275,75,23
351,2018-11-19 10:00:00,31275,31296,31242,31242,98,10
352,2018-11-19 11:00:00,31242,31252,31200,31222,78,11
353,2018-11-19 12:00:00,31222,31222,31193,31206,11,12
354,2018-11-19 13:00:00,31206,31220,31174,31190,30,13
355,2018-11-19 14:00:00,31190,31190,31113,31115,53,14
356,2018-11-19 15:00:00,31115,31140,31087,31130,40,15
357,2018-11-19 16:00:00,31130,31164,31130,31164,24,16
358,2018-11-19 17:00:00,31164,31165,31126,31137,35,17
359,2018-11-19 18:00:00,31137,31170,31117,31157,25,18
360,2018-11-19 19:00:00,31157,31157,31065,31065,46,19
361,2018-11-19 20:00:00,31065,31096,31025,31086,123,20
362,2018-11-19 21:00:00,31086,31117,31071,31116,25,21
363,2018-11-19 22:00:00,31120,31130,31106,31106,16,22
364,2018-11-19 23:00:00,31106,31150,31106,31136,26,23
365,2018-11-20 10:00:00,31050,31069,31039,31059,75,10
366,2018-11-20 11:00:00,31059,31074,31059,31070,11,11
367,2018-11-20 12:00:00,31070,31128,31070,31128,11,12
368,2018-11-20 13:00:00,31128,31138,31100,31138,56,13
369,2018-11-20 14:00:00,31138,31166,31113,31149,91,14
370,2018-11-20 15:00:00,31149,31149,31097,31130,62,15
371,2018-11-20 16:00:00,31130,31130,31095,31129,18,16
372,2018-11-20 17:00:00,31129,31167,31108,31150,15,17
373,2018-11-20 18:00:00,31150,31211,31150,31211,18,18
374,2018-11-20 19:00:00,31211,31242,31140,31140,23,19
375,2018-11-20 20:00:00,31140,31175,31100,31109,86,20
376,2018-11-20 21:00:00,31109,31150,31109,31138,26,21
377,2018-11-20 22:00:00,31138,31150,31100,31100,9,22
378,2018-11-20 23:00:00,31100,31100,31045,31065,21,23
379,2018-11-21 10:00:00,31000,31023,30982,31023,90,10
380,2018-11-21 11:00:00,31023,31023,30987,31000,18,11
381,2018-11-21 12:00:00,31000,31012,30995,31011,23,12
382,2018-11-21 13:00:00,31011,31065,31011,31060,59,13
383,2018-11-21 14:00:00,31060,31080,31049,31057,27,14
384,2018-11-21 15:00:00,31057,31073,31051,31060,36,15
385,2018-11-21 16:00:00,31060,31061,31049,31049,13,16
386,2018-11-21 17:00:00,31049,31053,31030,31030,8,17
387,2018-11-21 18:00:00,31030,31068,30995,31007,24,18
388,2018-11-21 19:00:00,31007,31058,31007,31030,22,19
389,2018-11-21 20:00:00,31030,31135,31030,31119,77,20
390,2018-11-21 21:00:00,31119,31119,31065,31065,15,21
391,2018-11-21 22:00:00,31065,31065,31032,31048,8,22
392,2018-11-21 23:00:00,31048,31089,31048,31074,13,23
393,2018-11-22 10:00:00,31084,31085,31070,31073,77,10
394,2018-11-22 11:00:00,31073,31120,31073,31116,54,11
395,2018-11-22 12:00:00,31116,31117,31065,31086,31,12
396,2018-11-22 13:00:00,31086,31099,31040,31048,22,13
397,2018-11-22 14:00:00,31048,31068,31035,31067,11,14
398,2018-11-22 15:00:00,31067,31078,31037,31037,24,15
399,2018-11-22 16:00:00,31037,31041,30930,30934,256,16
400,2018-11-22 17:00:00,30934,30978,30915,30925,70,17
401,2018-11-22 18:00:00,30925,30954,30894,30902,51,18
402,2018-11-22 19:00:00,30902,30940,30902,30911,57,19
403,2018-11-22 20:00:00,30911,30960,30905,30905,39,20
404,2018-11-22 21:00:00,30905,30914,30885,30887,19,21
405,2018-11-22 22:00:00,30887,30894,30879,30893,10,22
406,2018-11-22 23:00:00,30893,30895,30813,30831,39,23
407,2018-11-23 17:00:00,30800,30800,30730,30751,187,17
408,2018-11-23 18:00:00,30751,30751,30678,30704,89,18
409,2018-11-23 19:00:00,30704,30765,30650,30765,59,19
410,2018-11-23 20:00:00,30765,30780,30680,30689,138,20
411,2018-11-23 21:00:00,30689,30720,30683,30710,20,21
412,2018-11-23 22:00:00,30710,30732,30691,30703,39,22
413,2018-11-23 23:00:00,30703,30750,30703,30705,50,23
414,2018-11-26 10:00:00,30687,30764,30660,30760,216,10
415,2018-11-26 11:00:00,30760,30800,30755,30790,133,11
416,2018-11-26 12:00:00,30790,30841,30787,30818,158,12
417,2018-11-26 13:00:00,30818,30829,30764,30775,159,13
418,2018-11-26 14:00:00,30775,30801,30760,30782,82,14
419,2018-11-26 15:00:00,30782,30829,30767,30818,135,15
420,2018-11-26 16:00:00,30818,30889,30818,30873,291,16
421,2018-11-26 17:00:00,30873,30876,30840,30840,32,17
422,2018-11-26 18:00:00,30840,30877,30840,30873,72,18
423,2018-11-26 19:00:00,30873,30873,30850,30850,48,19
424,2018-11-26 20:00:00,30850,30850,30795,30813,52,20
425,2018-11-26 21:00:00,30813,30813,30770,30790,21,21
426,2018-11-26 22:00:00,30790,30795,30780,30795,41,22
427,2018-11-26 23:00:00,30795,30795,30755,30755,66,23
428,2018-11-27 10:00:00,30787,30810,30774,30810,168,10
429,2018-11-27 11:00:00,30810,30839,30789,30796,98,11
430,2018-11-27 12:00:00,30796,30810,30785,30810,29,12
431,2018-11-27 13:00:00,30810,30810,30755,30762,82,13
432,2018-11-27 14:00:00,30762,30775,30745,30770,57,14
433,2018-11-27 15:00:00,30770,30830,30735,30827,275,15
434,2018-11-27 16:00:00,30827,30858,30800,30812,224,16
435,2018-11-27 17:00:00,30812,30827,30798,30805,42,17
436,2018-11-27 18:00:00,30805,30840,30803,30833,94,18
437,2018-11-27 19:00:00,30833,30833,30755,30765,70,19
438,2018-11-27 20:00:00,30765,30785,30673,30699,181,20
439,2018-11-27 21:00:00,30699,30704,30570,30581,257,21
440,2018-11-27 22:00:00,30581,30600,30572,30589,85,22
441,2018-11-27 23:00:00,30589,30644,30580,30627,71,23
442,2018-11-28 10:00:00,30564,30568,30518,30529,163,10
443,2018-11-28 11:00:00,30525,30545,30485,30545,171,11
444,2018-11-28 12:00:00,30545,30545,30501,30510,73,12
445,2018-11-28 13:00:00,30510,30537,30508,30530,173,13
446,2018-11-28 14:00:00,30530,30531,30490,30490,223,14
447,2018-11-28 15:00:00,30490,30509,30479,30509,124,15
448,2018-11-28 16:00:00,30509,30510,30492,30508,66,16
449,2018-11-28 17:00:00,30508,30508,30463,30469,134,17
450,2018-11-28 18:00:00,30469,30488,30467,30474,76,18
451,2018-11-28 19:00:00,30474,30500,30443,30475,102,19
452,2018-11-28 20:00:00,30475,30514,30444,30495,100,20
453,2018-11-28 21:00:00,30495,30520,30489,30513,47,21
454,2018-11-28 22:00:00,30513,30758,30511,30590,565,22
455,2018-11-28 23:00:00,30590,30672,30576,30664,278,23
456,2018-11-29 10:00:00,30540,30542,30468,30515,516,10
457,2018-11-29 11:00:00,30515,30528,30483,30494,202,11
458,2018-11-29 12:00:00,30494,30510,30482,30482,177,12
459,2018-11-29 13:00:00,30482,30520,30482,30515,149,13
460,2018-11-29 14:00:00,30515,30515,30458,30490,462,14
461,2018-11-29 15:00:00,30490,30516,30469,30478,359,15
462,2018-11-29 16:00:00,30478,30489,30455,30455,160,16
463,2018-11-29 17:00:00,30455,30483,30400,30483,235,17
464,2018-11-29 18:00:00,30483,30497,30445,30450,262,18
465,2018-11-29 19:00:00,30450,30477,30446,30466,279,19
466,2018-11-29 20:00:00,30466,30495,30441,30495,211,20
467,2018-11-29 21:00:00,30495,30499,30425,30426,143,21
468,2018-11-29 22:00:00,30426,30455,30421,30433,96,22
469,2018-11-29 23:00:00,30433,30433,30345,30369,259,23
470,2018-11-30 10:00:00,30375,30388,30341,30353,533,10
471,2018-11-30 11:00:00,30353,30370,30330,30337,481,11
472,2018-11-30 12:00:00,30337,30398,30334,30385,724,12
473,2018-11-30 13:00:00,30385,30420,30360,30371,326,13
474,2018-11-30 14:00:00,30371,30409,30363,30400,260,14
475,2018-11-30 15:00:00,30400,30400,30305,30306,449,15
476,2018-11-30 16:00:00,30306,30318,30256,30256,712,16
477,2018-11-30 17:00:00,30256,30370,30256,30320,927,17
478,2018-11-30 18:00:00,30320,30330,30288,30295,508,18
479,2018-11-30 19:00:00,30295,30310,30244,30250,718,19
480,2018-11-30 20:00:00,30250,30258,30180,30199,863,20
481,2018-11-30 21:00:00,30199,30232,30186,30225,1208,21
482,2018-11-30 22:00:00,30225,30294,30217,30289,967,22
483,2018-11-30 23:00:00,30289,30292,30225,30260,361,23
484,2018-12-03 10:00:00,30316,30500,30316,30480,706,10
485,2018-12-03 11:00:00,30480,30545,30480,30537,652,11
486,2018-12-03 12:00:00,30537,30711,30537,30693,1290,12
487,2018-12-03 13:00:00,30693,30746,30670,30691,635,13
488,2018-12-03 14:00:00,30697,30713,30672,30685,256,14
489,2018-12-03 15:00:00,30685,30758,30681,30737,668,15
490,2018-12-03 16:00:00,30737,30770,30712,30725,607,16
491,2018-12-03 17:00:00,30725,30748,30710,30727,203,17
492,2018-12-03 18:00:00,30727,30790,30709,30787,493,18
493,2018-12-03 19:00:00,30787,30880,30772,30856,913,19
494,2018-12-03 20:00:00,30856,30899,30820,30870,844,20
495,2018-12-03 21:00:00,30870,30895,30857,30884,338,21
496,2018-12-03 22:00:00,30884,30884,30858,30865,223,22
497,2018-12-03 23:00:00,30865,30906,30847,30898,845,23
498,2018-12-04 10:00:00,30936,30946,30913,30931,780,10
499,2018-12-04 11:00:00,30931,30956,30929,30935,660,11
500,2018-12-04 12:00:00,30935,30951,30930,30946,634,12
501,2018-12-04 13:00:00,30946,30969,30937,30958,525,13
502,2018-12-04 14:00:00,30958,31019,30958,31015,1003,14
503,2018-12-04 15:00:00,31015,31125,31010,31101,1348,15
504,2018-12-04 16:00:00,31101,31101,31015,31029,617,16
505,2018-12-04 17:00:00,31029,31056,31017,31020,234,17
506,2018-12-04 18:00:00,31020,31060,31020,31038,411,18
507,2018-12-04 19:00:00,31038,31086,31001,31084,494,19
508,2018-12-04 20:00:00,31084,31085,31025,31030,423,20
509,2018-12-04 21:00:00,31030,31065,31012,31019,561,21
510,2018-12-04 22:00:00,31019,31051,30991,31050,515,22
511,2018-12-04 23:00:00,31045,31135,31036,31122,1031,23
512,2018-12-05 10:00:00,31001,31003,30966,30970,824,10
513,2018-12-05 11:00:00,30970,30975,30906,30925,910,11
514,2018-12-05 12:00:00,30925,30946,30910,30918,555,12
515,2018-12-05 13:00:00,30918,30940,30915,30928,316,13
516,2018-12-05 14:00:00,30928,30958,30885,30904,742,14
517,2018-12-05 15:00:00,30904,31004,30902,30983,932,15
518,2018-12-05 16:00:00,30983,30991,30949,30967,534,16
519,2018-12-05 17:00:00,30967,30998,30965,30991,309,17
520,2018-12-05 18:00:00,30991,31040,30991,31040,428,18
521,2018-12-05 19:00:00,31040,31040,31006,31027,191,19
522,2018-12-05 20:00:00,31027,31030,30961,30982,437,20
523,2018-12-05 21:00:00,30982,31028,30980,31017,218,21
524,2018-12-05 22:00:00,31017,31067,31010,31065,351,22
525,2018-12-05 23:00:00,31065,31089,31044,31074,480,23
526,2018-12-06 10:00:00,31200,31293,31200,31248,1752,10
527,2018-12-06 11:00:00,31248,31280,31230,31262,1004,11
528,2018-12-06 12:00:00,31262,31265,31115,31130,1388,12
529,2018-12-06 13:00:00,31130,31160,31117,31147,375,13
530,2018-12-06 14:00:00,31147,31217,31142,31184,501,14
531,2018-12-06 15:00:00,31184,31208,31105,31129,532,15
532,2018-12-06 16:00:00,31129,31141,31062,31125,716,16
533,2018-12-06 17:00:00,31123,31146,31111,31128,254,17
534,2018-12-06 18:00:00,31128,31182,31095,31130,466,18
535,2018-12-06 19:00:00,31130,31220,31110,31205,761,19
536,2018-12-06 20:00:00,31205,31254,31185,31217,822,20
537,2018-12-06 21:00:00,31217,31245,31190,31228,522,21
538,2018-12-06 22:00:00,31228,31228,31138,31144,490,22
539,2018-12-06 23:00:00,31144,31155,31070,31095,745,23
540,2018-12-07 10:00:00,31071,31073,31027,31044,613,10
541,2018-12-07 11:00:00,31044,31069,31044,31065,206,11
542,2018-12-07 12:00:00,31065,31066,31031,31037,493,12
543,2018-12-07 13:00:00,31037,31121,31037,31118,638,13
544,2018-12-07 14:00:00,31118,31138,31092,31103,530,14
545,2018-12-07 15:00:00,31103,31133,31089,31124,291,15
546,2018-12-07 16:00:00,31124,31213,31120,31208,955,16
547,2018-12-07 17:00:00,31208,31208,31146,31174,483,17
548,2018-12-07 18:00:00,31174,31206,31159,31193,377,18
549,2018-12-07 19:00:00,31224,31349,31222,31328,2368,19
550,2018-12-07 20:00:00,31328,31418,31312,31413,1852,20
551,2018-12-07 21:00:00,31413,31484,31405,31473,994,21
552,2018-12-07 22:00:00,31473,31519,31467,31508,949,22
553,2018-12-07 23:00:00,31508,31650,31498,31560,1622,23
554,2018-12-10 10:00:00,31639,31646,31600,31606,1063,10
555,2018-12-10 11:00:00,31606,31625,31583,31620,732,11
556,2018-12-10 12:00:00,31620,31625,31544,31555,482,12
557,2018-12-10 13:00:00,31555,31570,31544,31557,376,13
558,2018-12-10 14:00:00,31557,31559,31531,31545,337,14
559,2018-12-10 15:00:00,31545,31612,31530,31585,471,15
560,2018-12-10 16:00:00,31585,31599,31568,31574,328,16
561,2018-12-10 17:00:00,31574,32050,31569,32031,3441,17
562,2018-12-10 18:00:00,32031,32066,31952,32018,1298,18
563,2018-12-10 19:00:00,32018,32118,31963,31990,1194,19
564,2018-12-10 20:00:00,31990,32037,31976,32029,572,20
565,2018-12-10 21:00:00,32029,32110,32021,32073,758,21
566,2018-12-10 22:00:00,32073,32073,32013,32057,334,22
567,2018-12-10 23:00:00,32057,32057,32000,32041,902,23
568,2018-12-11 10:00:00,31949,31985,31913,31923,824,10
569,2018-12-11 11:00:00,31923,31938,31759,31802,1491,11
570,2018-12-11 12:00:00,31802,31849,31794,31812,432,12
571,2018-12-11 13:00:00,31814,31847,31740,31812,826,13
572,2018-12-11 14:00:00,31812,31841,31795,31811,498,14
573,2018-12-11 15:00:00,31811,31876,31803,31831,680,15
574,2018-12-11 16:00:00,31831,31845,31801,31829,468,16
575,2018-12-11 17:00:00,31829,31868,31829,31850,397,17
576,2018-12-11 18:00:00,31850,31965,31825,31955,1002,18
577,2018-12-11 19:00:00,31944,31981,31905,31917,945,19
578,2018-12-11 20:00:00,31917,31986,31901,31915,702,20
579,2018-12-11 21:00:00,31915,31935,31881,31896,349,21
580,2018-12-11 22:00:00,31896,31938,31841,31925,493,22
581,2018-12-11 23:00:00,31925,31954,31901,31901,542,23
582,2018-12-12 10:00:00,31816,31821,31776,31786,776,10
583,2018-12-12 11:00:00,31786,31810,31780,31805,387,11
584,2018-12-12 12:00:00,31805,31807,31765,31777,424,12
585,2018-12-12 13:00:00,31777,31828,31770,31818,632,13
586,2018-12-12 14:00:00,31818,31829,31776,31790,559,14
587,2018-12-12 15:00:00,31790,31810,31750,31778,613,15
588,2018-12-12 16:00:00,31778,31814,31762,31784,389,16
589,2018-12-12 17:00:00,31784,31814,31772,31807,497,17
590,2018-12-12 18:00:00,31807,31835,31780,31784,738,18
591,2018-12-12 19:00:00,31784,31819,31759,31776,889,19
592,2018-12-12 20:00:00,31776,31795,31761,31776,386,20
593,2018-12-12 21:00:00,31776,31785,31750,31774,450,21
594,2018-12-12 22:00:00,31774,31784,31715,31715,426,22
595,2018-12-12 23:00:00,31715,31760,31702,31733,970,23
596,2018-12-13 10:00:00,31636,31657,31600,31626,1071,10
597,2018-12-13 11:00:00,31626,31636,31606,31623,395,11
598,2018-12-13 12:00:00,31623,31639,31611,31620,396,12
599,2018-12-13 13:00:00,31620,31669,31612,31658,621,13
600,2018-12-13 14:00:00,31658,31695,31640,31658,692,14
601,2018-12-13 15:00:00,31658,31665,31616,31625,350,15
602,2018-12-13 16:00:00,31625,31625,31572,31608,1023,16
603,2018-12-13 17:00:00,31608,31608,31569,31588,394,17
604,2018-12-13 18:00:00,31588,31596,31551,31590,445,18
605,2018-12-13 19:00:00,31590,31590,31551,31566,378,19
606,2018-12-13 20:00:00,31566,31566,31488,31517,1020,20
607,2018-12-13 21:00:00,31517,31548,31486,31522,487,21
608,2018-12-13 22:00:00,31522,31560,31515,31541,294,22
609,2018-12-13 23:00:00,31541,31554,31515,31532,490,23
610,2018-12-14 10:00:00,31568,31588,31550,31560,726,10
611,2018-12-14 11:00:00,31560,31575,31539,31545,319,11
612,2018-12-14 12:00:00,31545,31556,31521,31544,498,12
613,2018-12-14 13:00:00,31544,31549,31503,31546,526,13
614,2018-12-14 14:00:00,31546,31585,31537,31562,491,14
615,2018-12-14 15:00:00,31562,31578,31546,31558,276,15
616,2018-12-14 16:00:00,31555,31632,31545,31579,758,16
617,2018-12-14 17:00:00,31579,31615,31575,31584,342,17
618,2018-12-14 18:00:00,31584,31610,31572,31590,427,18
619,2018-12-14 19:00:00,31587,31587,31507,31519,1092,19
620,2018-12-14 20:00:00,31519,31545,31508,31545,783,20
621,2018-12-14 21:00:00,31545,31590,31517,31585,494,21
622,2018-12-14 22:00:00,31585,31599,31562,31574,289,22
623,2018-12-14 23:00:00,31574,31587,31533,31535,586,23
624,2018-12-17 10:00:00,31496,31496,31450,31461,698,10
625,2018-12-17 11:00:00,31461,31468,31431,31435,537,11
626,2018-12-17 12:00:00,31435,31453,31431,31451,302,12
627,2018-12-17 13:00:00,31451,31457,31430,31436,396,13
628,2018-12-17 14:00:00,31436,31447,31411,31424,384,14
629,2018-12-17 15:00:00,31424,31461,31416,31445,470,15
630,2018-12-17 16:00:00,31444,31453,31421,31433,410,16
631,2018-12-17 17:00:00,31433,31460,31432,31451,200,17
632,2018-12-17 18:00:00,31451,31479,31449,31456,433,18
633,2018-12-17 19:00:00,31456,31499,31456,31475,444,19
634,2018-12-17 20:00:00,31475,31532,31472,31508,704,20
635,2018-12-17 21:00:00,31508,31545,31500,31518,384,21
636,2018-12-17 22:00:00,31518,31573,31517,31565,604,22
637,2018-12-17 23:00:00,31565,31655,31552,31651,680,23
638,2018-12-18 10:00:00,31530,31563,31520,31544,827,10
639,2018-12-18 11:00:00,31544,31544,31440,31448,1125,11
640,2018-12-18 12:00:00,31448,31459,31423,31428,821,12
641,2018-12-18 13:00:00,31428,31441,31365,31372,1321,13
642,2018-12-18 14:00:00,31372,31401,31314,31357,1235,14
643,2018-12-18 15:00:00,31357,31374,31331,31370,651,15
644,2018-12-18 16:00:00,31370,31386,31211,31224,1449,16
645,2018-12-18 17:00:00,31224,31256,31205,31240,953,17
646,2018-12-18 18:00:00,31240,31250,31208,31250,881,18
647,2018-12-18 19:00:00,31250,31299,31218,31260,698,19
648,2018-12-18 20:00:00,31260,31285,31228,31244,409,20
649,2018-12-18 21:00:00,31244,31250,31206,31229,400,21
650,2018-12-18 22:00:00,31229,31233,31201,31205,492,22
651,2018-12-18 23:00:00,31205,31219,31134,31162,1220,23
652,2018-12-19 10:00:00,31076,31117,31070,31107,933,10
653,2018-12-19 11:00:00,31107,31117,31065,31085,846,11
654,2018-12-19 12:00:00,31085,31124,31079,31108,822,12
655,2018-12-19 13:00:00,31108,31219,31088,31199,1055,13
656,2018-12-19 14:00:00,31199,31234,31154,31154,676,14
657,2018-12-19 15:00:00,31154,31195,31146,31170,442,15
658,2018-12-19 16:00:00,31170,31186,31134,31153,343,16
659,2018-12-19 17:00:00,31153,31160,31100,31101,540,17
660,2018-12-19 18:00:00,31101,31125,31081,31125,446,18
661,2018-12-19 19:00:00,31125,31210,31107,31190,610,19
662,2018-12-19 20:00:00,31190,31344,31186,31329,1641,20
663,2018-12-19 21:00:00,31329,31335,31252,31295,589,21
664,2018-12-19 22:00:00,31295,31298,31232,31247,461,22
665,2018-12-19 23:00:00,31247,31250,31206,31229,542,23
666,2018-12-20 10:00:00,31159,31159,31090,31091,955,10
667,2018-12-20 11:00:00,31092,31104,31038,31051,1129,11
668,2018-12-20 12:00:00,31051,31069,31027,31036,760,12
669,2018-12-20 13:00:00,31036,31065,31002,31033,701,13
670,2018-12-20 14:00:00,31033,31095,31007,31079,634,14
671,2018-12-20 15:00:00,31079,31196,31062,31148,1408,15
672,2018-12-20 16:00:00,31148,31162,31016,31029,1390,16
673,2018-12-20 17:00:00,31029,31121,31026,31060,942,17
674,2018-12-20 18:00:00,31060,31102,31030,31080,551,18
675,2018-12-20 19:00:00,31080,31222,31080,31196,1146,19
676,2018-12-20 20:00:00,31196,31265,31156,31235,1227,20
677,2018-12-20 21:00:00,31235,31235,31150,31219,631,21
678,2018-12-20 22:00:00,31219,31258,31192,31247,794,22
679,2018-12-20 23:00:00,31247,31343,31247,31342,1359,23
680,2018-12-21 10:00:00,31244,31244,31148,31220,1444,10
681,2018-12-21 11:00:00,31220,31257,31196,31244,746,11
682,2018-12-21 12:00:00,31244,31287,31232,31280,496,12
683,2018-12-21 13:00:00,31280,31365,31276,31341,952,13
684,2018-12-21 14:00:00,31341,31387,31303,31335,776,14
685,2018-12-21 15:00:00,31335,31340,31266,31272,474,15
686,2018-12-21 16:00:00,31272,31321,31185,31307,1326,16
687,2018-12-21 17:00:00,31307,31316,31270,31289,311,17
688,2018-12-21 18:00:00,31289,31335,31275,31324,467,18
689,2018-12-21 19:00:00,31324,31343,31248,31291,489,19
690,2018-12-21 20:00:00,31291,31303,31209,31285,570,20
691,2018-12-21 21:00:00,31285,31295,31240,31264,254,21
692,2018-12-21 22:00:00,31264,31264,31222,31239,294,22
693,2018-12-21 23:00:00,31239,31255,31164,31190,1077,23
694,2018-12-24 10:00:00,31420,31465,31394,31448,1212,10
695,2018-12-24 11:00:00,31448,31454,31420,31431,461,11
696,2018-12-24 12:00:00,31431,31432,31341,31364,803,12
697,2018-12-24 13:00:00,31364,31367,31316,31328,575,13
698,2018-12-24 14:00:00,31328,31344,31270,31311,850,14
699,2018-12-24 15:00:00,31311,31337,31305,31321,431,15
700,2018-12-24 16:00:00,31321,31338,31289,31330,410,16
701,2018-12-24 17:00:00,31330,31345,31284,31338,789,17
702,2018-12-24 18:00:00,31338,31354,31317,31324,306,18
703,2018-12-24 19:00:00,31324,31369,31322,31356,246,19
704,2018-12-24 20:00:00,31356,31418,31356,31415,1108,20
705,2018-12-24 21:00:00,31416,31437,31371,31426,431,21
706,2018-12-24 22:00:00,31426,31464,31410,31454,551,22
707,2018-12-24 23:00:00,31454,31470,31443,31465,707,23
708,2018-12-26 10:00:00,31470,31574,31470,31534,1119,10
709,2018-12-26 11:00:00,31534,31585,31494,31585,856,11
710,2018-12-26 12:00:00,31585,31586,31527,31544,675,12
711,2018-12-26 13:00:00,31544,31570,31521,31563,272,13
712,2018-12-26 14:00:00,31563,31594,31540,31567,572,14
713,2018-12-26 15:00:00,31567,31579,31545,31571,274,15
714,2018-12-26 16:00:00,31576,31610,31535,31585,926,16
715,2018-12-26 17:00:00,31585,31585,31536,31547,339,17
716,2018-12-26 18:00:00,31547,31640,31545,31622,1010,18
717,2018-12-26 19:00:00,31622,31660,31572,31636,757,19
718,2018-12-26 20:00:00,31636,31698,31618,31677,863,20
719,2018-12-26 21:00:00,31677,31740,31677,31696,782,21
720,2018-12-26 22:00:00,31696,31716,31563,31599,972,22
721,2018-12-26 23:00:00,31599,31607,31525,31585,846,23
722,2018-12-27 10:00:00,31559,31582,31527,31540,584,10
723,2018-12-27 11:00:00,31540,31572,31533,31552,358,11
724,2018-12-27 12:00:00,31552,31584,31550,31563,560,12
725,2018-12-27 13:00:00,31563,31579,31534,31572,348,13
726,2018-12-27 14:00:00,31572,31650,31572,31632,879,14
727,2018-12-27 15:00:00,31632,31675,31614,31661,516,15
728,2018-12-27 16:00:00,31661,31675,31628,31637,512,16
729,2018-12-27 17:00:00,31639,31675,31620,31666,365,17
730,2018-12-27 18:00:00,31666,31744,31650,31714,957,18
731,2018-12-27 19:00:00,31715,31757,31691,31740,984,19
732,2018-12-27 20:00:00,31740,31768,31644,31700,891,20
733,2018-12-27 21:00:00,31700,31722,31656,31673,587,21
734,2018-12-27 22:00:00,31673,31740,31658,31712,395,22
735,2018-12-27 23:00:00,31712,31735,31690,31735,818,23
736,2018-12-28 10:00:00,31672,31688,31607,31620,885,10
737,2018-12-28 11:00:00,31620,31670,31613,31660,840,11
738,2018-12-28 12:00:00,31660,31723,31658,31701,1304,12
739,2018-12-28 13:00:00,31700,31734,31634,31635,809,13
740,2018-12-28 14:00:00,31636,31664,31611,31617,705,14
741,2018-12-28 15:00:00,31617,31645,31590,31640,699,15
742,2018-12-28 16:00:00,31640,31699,31631,31640,1100,16
743,2018-12-28 17:00:00,31640,31680,31622,31674,679,17
744,2018-12-28 18:00:00,31674,31684,31631,31631,350,18
745,2018-12-28 19:00:00,31631,31664,31620,31644,463,19
746,2018-12-28 20:00:00,31644,31666,31610,31642,329,20
747,2018-12-28 21:00:00,31642,31650,31610,31635,301,21
748,2018-12-28 22:00:00,31635,31649,31625,31638,234,22
749,2018-12-28 23:00:00,31638,31645,31585,31642,1338,23
750,2018-12-31 09:00:00,31571,31579,31524,31568,609,9
751,2018-12-31 10:00:00,31568,31595,31565,31576,327,10
752,2018-12-31 11:00:00,31576,31578,31545,31569,330,11
753,2018-12-31 12:00:00,31569,31588,31300,31385,2950,12
754,2018-12-31 13:00:00,31385,31408,31351,31389,904,13
755,2018-12-31 14:00:00,31389,31395,31360,31374,663,14
756,2018-12-31 15:00:00,31374,31447,31374,31438,609,15
757,2018-12-31 16:00:00,31438,31470,31404,31458,667,16
758,2018-12-31 17:00:00,31458,31484,31445,31472,707,17
759,2018-12-31 18:00:00,31472,31476,31420,31427,400,18
760,2018-12-31 19:00:00,31427,31427,31360,31370,598,19
761,2018-12-31 20:00:00,31370,31399,31360,31364,186,20
762,2018-12-31 21:00:00,31364,31445,31355,31432,288,21
763,2018-12-31 22:00:00,31432,31444,31410,31410,149,22
764,2018-12-31 23:00:00,31410,31425,31355,31355,414,23
765,2019-01-01 09:00:00,31409,31461,31357,31392,548,9
766,2019-01-01 10:00:00,31392,31435,31380,31408,440,10
767,2019-01-01 11:00:00,31408,31429,31388,31405,167,11
768,2019-01-01 12:00:00,31405,31414,31405,31407,23,12
769,2019-01-01 13:00:00,31407,31420,31407,31414,72,13
770,2019-01-01 14:00:00,31414,31420,31409,31415,51,14
771,2019-01-01 15:00:00,31415,31429,31403,31418,379,15
772,2019-01-01 16:00:00,31415,31445,31405,31434,387,16
773,2019-01-02 09:00:00,31421,31449,31369,31430,622,9
774,2019-01-02 10:00:00,31430,31485,31427,31471,612,10
775,2019-01-02 11:00:00,31471,31488,31458,31476,437,11
776,2019-01-02 12:00:00,31476,31542,31467,31534,811,12
777,2019-01-02 13:00:00,31534,31609,31532,31590,1074,13
778,2019-01-02 14:00:00,31590,31657,31581,31642,888,14
779,2019-01-02 15:00:00,31642,31682,31628,31650,643,15
780,2019-01-02 16:00:00,31650,31704,31640,31668,668,16
781,2019-01-02 17:00:00,31668,31675,31629,31642,663,17
782,2019-01-02 18:00:00,31642,31689,31620,31670,461,18
783,2019-01-02 19:00:00,31670,31670,31592,31607,691,19
784,2019-01-02 20:00:00,31607,31655,31581,31651,657,20
785,2019-01-02 21:00:00,31651,31687,31635,31666,440,21
786,2019-01-02 22:00:00,31666,31667,31608,31640,659,22
787,2019-01-02 23:00:00,31640,31647,31590,31592,760,23
788,2019-01-03 09:00:00,31681,31872,31681,31849,1907,9
789,2019-01-03 10:00:00,31849,31880,31836,31865,715,10
790,2019-01-03 11:00:00,31865,31899,31856,31883,743,11
791,2019-01-03 12:00:00,31883,31938,31855,31860,1110,12
792,2019-01-03 13:00:00,31860,31872,31810,31821,751,13
793,2019-01-03 14:00:00,31821,31848,31778,31806,798,14
794,2019-01-03 15:00:00,31806,31820,31763,31785,562,15
795,2019-01-03 16:00:00,31785,31785,31732,31766,951,16
796,2019-01-03 17:00:00,31768,31794,31748,31778,604,17
797,2019-01-03 18:00:00,31778,31800,31710,31763,474,18
798,2019-01-03 19:00:00,31763,31797,31758,31767,679,19
799,2019-01-03 20:00:00,31767,31841,31756,31766,668,20
800,2019-01-03 21:00:00,31766,31829,31762,31800,666,21
801,2019-01-03 22:00:00,31800,31800,31757,31785,438,22
802,2019-01-03 23:00:00,31785,31830,31756,31827,846,23
803,2019-01-04 09:00:00,31879,31879,31782,31784,909,9
804,2019-01-04 10:00:00,31784,31810,31784,31800,411,10
805,2019-01-04 11:00:00,31800,31808,31761,31768,386,11
806,2019-01-04 12:00:00,31768,31771,31710,31729,745,12
807,2019-01-04 13:00:00,31729,31795,31729,31756,711,13
808,2019-01-04 14:00:00,31756,31776,31705,31710,1023,14
809,2019-01-04 15:00:00,31711,31726,31680,31696,1017,15
810,2019-01-04 16:00:00,31696,31714,31677,31714,538,16
811,2019-01-04 17:00:00,31714,31714,31680,31690,332,17
812,2019-01-04 18:00:00,31690,31710,31653,31703,554,18
813,2019-01-04 19:00:00,31695,31695,31596,31600,1337,19
814,2019-01-04 20:00:00,31600,31600,31506,31533,1983,20
815,2019-01-04 21:00:00,31533,31565,31516,31541,480,21
816,2019-01-04 22:00:00,31541,31551,31520,31530,451,22
817,2019-01-04 23:00:00,31530,31532,31441,31476,1233,23
818,2019-01-07 09:00:00,31529,31531,31448,31449,1008,9
819,2019-01-07 10:00:00,31449,31510,31448,31499,612,10
820,2019-01-07 11:00:00,31499,31593,31499,31558,1046,11
821,2019-01-07 12:00:00,31558,31645,31544,31620,865,12
822,2019-01-07 13:00:00,31620,31714,31602,31701,1262,13
823,2019-01-07 14:00:00,31701,31737,31670,31725,907,14
824,2019-01-07 15:00:00,31725,31758,31686,31686,812,15
825,2019-01-07 16:00:00,31686,31695,31648,31670,847,16
826,2019-01-07 17:00:00,31663,31690,31642,31658,486,17
827,2019-01-07 18:00:00,31658,31724,31650,31690,422,18
828,2019-01-07 19:00:00,31690,31690,31621,31670,522,19
829,2019-01-07 20:00:00,31670,31679,31627,31638,571,20
830,2019-01-07 21:00:00,31638,31650,31600,31640,577,21
831,2019-01-07 22:00:00,31640,31653,31613,31624,438,22
832,2019-01-07 23:00:00,31624,31666,31624,31633,749,23
833,2019-01-08 09:00:00,31619,31679,31580,31610,1577,9
834,2019-01-08 10:00:00,31610,31650,31599,31628,496,10
835,2019-01-08 11:00:00,31628,31658,31612,31649,557,11
836,2019-01-08 12:00:00,31649,31650,31570,31578,667,12
837,2019-01-08 13:00:00,31578,31661,31565,31640,806,13
838,2019-01-08 14:00:00,31640,31652,31622,31652,264,14
839,2019-01-08 15:00:00,31652,31660,31624,31660,371,15
840,2019-01-08 16:00:00,31660,31699,31640,31685,702,16
841,2019-01-08 17:00:00,31685,31690,31652,31689,470,17
842,2019-01-08 18:00:00,31689,31689,31590,31602,717,18
843,2019-01-08 19:00:00,31602,31660,31600,31633,362,19
844,2019-01-08 20:00:00,31633,31705,31607,31680,985,20
845,2019-01-08 21:00:00,31680,31710,31673,31680,675,21
846,2019-01-08 22:00:00,31680,31704,31680,31696,324,22
847,2019-01-08 23:00:00,31696,31760,31691,31728,1093,23
848,2019-01-09 09:00:00,31636,31744,31636,31711,1042,9
849,2019-01-09 10:00:00,31711,31758,31710,31733,705,10
850,2019-01-09 11:00:00,31733,31784,31733,31766,754,11
851,2019-01-09 12:00:00,31766,31795,31733,31748,581,12
852,2019-01-09 13:00:00,31748,31787,31727,31785,442,13
853,2019-01-09 14:00:00,31785,31843,31765,31785,1085,14
854,2019-01-09 15:00:00,31785,31825,31785,31786,477,15
855,2019-01-09 16:00:00,31786,31799,31746,31750,624,16
856,2019-01-09 17:00:00,31750,31779,31747,31759,290,17
857,2019-01-09 18:00:00,31759,31810,31750,31804,344,18
858,2019-01-09 19:00:00,31804,31840,31790,31813,646,19
859,2019-01-09 20:00:00,31813,31925,31813,31923,1684,20
860,2019-01-09 21:00:00,31923,31946,31896,31917,1160,21
861,2019-01-09 22:00:00,31917,31960,31906,31934,601,22
862,2019-01-09 23:00:00,31933,32023,31925,31995,1193,23
863,2019-01-10 09:00:00,32048,32098,32031,32046,959,9
864,2019-01-10 10:00:00,32046,32121,32034,32115,1161,10
865,2019-01-10 11:00:00,32115,32135,32071,32073,777,11
866,2019-01-10 12:00:00,32073,32120,32065,32107,702,12
867,2019-01-10 13:00:00,32107,32124,32081,32098,555,13
868,2019-01-10 14:00:00,32098,32120,32042,32050,719,14
869,2019-01-10 15:00:00,32050,32067,32025,32030,664,15
870,2019-01-10 16:00:00,32030,32048,32001,32010,835,16
871,2019-01-10 17:00:00,32010,32015,31970,31988,618,17
872,2019-01-10 18:00:00,31988,32050,31983,31991,602,18
873,2019-01-10 19:00:00,31991,31995,31913,31940,749,19
874,2019-01-10 20:00:00,31940,31988,31937,31941,269,20
875,2019-01-10 21:00:00,31941,31957,31907,31922,463,21
876,2019-01-10 22:00:00,31922,31928,31873,31886,652,22
877,2019-01-10 23:00:00,31886,31903,31853,31891,878,23
878,2019-01-11 09:00:00,31952,32005,31929,31972,695,9
879,2019-01-11 10:00:00,31972,32007,31952,32000,411,10
880,2019-01-11 11:00:00,32000,32034,31998,32011,752,11
881,2019-01-11 12:00:00,32011,32040,31975,32038,862,12
882,2019-01-11 13:00:00,32038,32076,32015,32035,982,13
883,2019-01-11 14:00:00,32035,32053,32011,32028,506,14
884,2019-01-11 15:00:00,32028,32045,32020,32020,196,15
885,2019-01-11 16:00:00,32020,32039,31995,32001,460,16
886,2019-01-11 17:00:00,32001,32030,31984,32020,457,17
887,2019-01-11 18:00:00,32020,32033,31998,32014,465,18
888,2019-01-11 19:00:00,32000,32020,31908,31915,1059,19
889,2019-01-11 20:00:00,31915,31953,31895,31951,908,20
890,2019-01-11 21:00:00,31951,31956,31920,31930,362,21
891,2019-01-11 22:00:00,31930,31951,31915,31948,353,22
892,2019-01-11 23:00:00,31948,31948,31913,31915,676,23
893,2019-01-14 09:00:00,32000,32030,31975,32018,560,9
894,2019-01-14 10:00:00,32018,32099,32018,32093,1254,10
895,2019-01-14 11:00:00,32093,32123,32082,32108,543,11
896,2019-01-14 12:00:00,32108,32115,32080,32103,559,12
897,2019-01-14 13:00:00,32103,32139,32103,32118,552,13
898,2019-01-14 14:00:00,32118,32155,32110,32133,565,14
899,2019-01-14 15:00:00,32133,32151,32124,32145,406,15
900,2019-01-14 16:00:00,32145,32220,32131,32213,1046,16
901,2019-01-14 17:00:00,32213,32218,32152,32165,475,17
902,2019-01-14 18:00:00,32165,32218,32152,32183,472,18
903,2019-01-14 19:00:00,32183,32183,32080,32151,1340,19
904,2019-01-14 20:00:00,32151,32180,32110,32115,339,20
905,2019-01-14 21:00:00,32115,32127,32075,32127,790,21
906,2019-01-14 22:00:00,32127,32127,32089,32116,274,22
907,2019-01-14 23:00:00,32112,32155,32112,32150,793,23
908,2019-01-15 09:00:00,32110,32207,32110,32167,1012,9
909,2019-01-15 10:00:00,32167,32188,32118,32119,612,10
910,2019-01-15 11:00:00,32119,32188,32119,32181,616,11
911,2019-01-15 12:00:00,32180,32199,32170,32179,365,12
912,2019-01-15 13:00:00,32179,32198,32125,32147,705,13
913,2019-01-15 14:00:00,32147,32180,32130,32150,322,14
914,2019-01-15 15:00:00,32150,32169,32123,32130,480,15
915,2019-01-15 16:00:00,32130,32162,32130,32152,568,16
916,2019-01-15 17:00:00,32152,32227,32152,32226,1365,17
917,2019-01-15 18:00:00,32226,32228,32153,32165,652,18
918,2019-01-15 19:00:00,32165,32250,32165,32244,743,19
919,2019-01-15 20:00:00,32244,32269,32201,32218,740,20
920,2019-01-15 21:00:00,32218,32240,32167,32170,846,21
921,2019-01-15 22:00:00,32170,32193,32154,32185,542,22
922,2019-01-15 23:00:00,32185,32196,32161,32170,945,23
923,2019-01-16 09:00:00,32198,32198,32110,32158,837,9
924,2019-01-16 10:00:00,32158,32183,32148,32181,534,10
925,2019-01-16 11:00:00,32181,32246,32174,32239,1030,11
926,2019-01-16 12:00:00,32239,32278,32235,32265,1038,12
927,2019-01-16 13:00:00,32265,32272,32230,32272,639,13
928,2019-01-16 14:00:00,32272,32300,32242,32264,711,14
929,2019-01-16 15:00:00,32264,32264,32221,32248,769,15
930,2019-01-16 16:00:00,32247,32265,32233,32251,351,16
931,2019-01-16 17:00:00,32251,32252,32218,32231,353,17
932,2019-01-16 18:00:00,32231,32264,32220,32263,593,18
933,2019-01-16 19:00:00,32263,32263,32226,32236,336,19
934,2019-01-16 20:00:00,32236,32272,32236,32269,363,20
935,2019-01-16 21:00:00,32269,32298,32246,32263,688,21
936,2019-01-16 22:00:00,32263,32290,32251,32279,350,22
937,2019-01-16 23:00:00,32279,32307,32265,32291,887,23
938,2019-01-17 09:00:00,32290,32316,32261,32302,728,9
939,2019-01-17 10:00:00,32302,32339,32290,32326,708,10
940,2019-01-17 11:00:00,32326,32361,32310,32360,599,11
941,2019-01-17 12:00:00,32360,32374,32345,32361,616,12
942,2019-01-17 13:00:00,32361,32390,32333,32369,648,13
943,2019-01-17 14:00:00,32369,32374,32321,32332,660,14
944,2019-01-17 15:00:00,32332,32345,32261,32280,926,15
945,2019-01-17 16:00:00,32280,32307,32251,32305,863,16
946,2019-01-17 17:00:00,32305,32313,32276,32283,444,17
947,2019-01-17 18:00:00,32283,32289,32252,32289,289,18
948,2019-01-17 19:00:00,32289,32289,32214,32236,717,19
949,2019-01-17 20:00:00,32236,32262,32205,32248,860,20
950,2019-01-17 21:00:00,32248,32282,32236,32242,360,21
951,2019-01-17 22:00:00,32242,32262,32222,32257,302,22
952,2019-01-17 23:00:00,32257,32281,32243,32270,594,23
953,2019-01-18 09:00:00,32276,32319,32252,32294,450,9
954,2019-01-18 10:00:00,32294,32294,32243,32250,485,10
955,2019-01-18 11:00:00,32245,32315,32238,32311,453,11
956,2019-01-18 12:00:00,32311,32317,32257,32260,515,12
957,2019-01-18 13:00:00,32260,32290,32239,32239,564,13
958,2019-01-18 14:00:00,32239,32243,32157,32165,1139,14
959,2019-01-18 15:00:00,32165,32165,32124,32158,1357,15
960,2019-01-18 16:00:00,32158,32176,32140,32165,544,16
961,2019-01-18 17:00:00,32165,32166,32140,32162,176,17
962,2019-01-18 18:00:00,32162,32169,32080,32083,837,18
963,2019-01-18 19:00:00,32083,32111,32055,32077,875,19
964,2019-01-18 20:00:00,32077,32143,32061,32100,502,20
965,2019-01-18 21:00:00,32100,32144,32097,32112,354,21
966,2019-01-18 22:00:00,32112,32121,32078,32082,482,22
967,2019-01-18 23:00:00,32082,32108,32072,32096,762,23
968,2019-01-21 09:00:00,32043,32195,32043,32170,710,9
969,2019-01-21 10:00:00,32170,32170,32123,32154,328,10
970,2019-01-21 11:00:00,32154,32154,32126,32147,289,11
971,2019-01-21 12:00:00,32147,32168,32092,32100,655,12
972,2019-01-21 13:00:00,32100,32121,32062,32072,430,13
973,2019-01-21 14:00:00,32072,32098,32001,32019,1204,14
974,2019-01-21 15:00:00,32019,32036,31985,32005,700,15
975,2019-01-21 16:00:00,32005,32050,32000,32025,448,16
976,2019-01-21 17:00:00,32025,32042,32001,32010,308,17
977,2019-01-21 18:00:00,32010,32028,31992,32008,289,18
978,2019-01-21 19:00:00,32008,32050,32002,32040,231,19
979,2019-01-21 20:00:00,32040,32069,32030,32053,385,20
980,2019-01-21 21:00:00,32053,32058,32031,32041,157,21
981,2019-01-21 22:00:00,32041,32054,32024,32042,283,22
982,2019-01-21 23:00:00,32042,32060,32009,32060,630,23
983,2019-01-22 09:00:00,31960,32055,31960,32042,622,9
984,2019-01-22 10:00:00,32042,32049,32005,32009,489,10
985,2019-01-22 11:00:00,32009,32075,32009,32058,619,11
986,2019-01-22 12:00:00,32058,32142,32045,32131,887,12
987,2019-01-22 13:00:00,32131,32189,32105,32153,928,13
988,2019-01-22 14:00:00,32158,32185,32145,32175,424,14
989,2019-01-22 15:00:00,32172,32194,32167,32178,481,15
990,2019-01-22 16:00:00,32178,32187,32159,32177,329,16
991,2019-01-22 17:00:00,32177,32180,32150,32154,569,17
992,2019-01-22 18:00:00,32154,32177,32140,32144,253,18
993,2019-01-22 19:00:00,32144,32189,32130,32132,328,19
994,2019-01-22 20:00:00,32132,32152,32050,32056,1152,20
995,2019-01-22 21:00:00,32056,32087,32040,32084,552,21
996,2019-01-22 22:00:00,32085,32130,32075,32118,335,22
997,2019-01-22 23:00:00,32118,32190,32116,32158,692,23
998,2019-01-23 09:00:00,32170,32170,32103,32125,422,9
999,2019-01-23 10:00:00,32125,32145,32116,32131,288,10
1000,2019-01-23 11:00:00,32131,32155,32124,32148,553,11
1001,2019-01-23 12:00:00,32148,32165,32130,32152,310,12
1002,2019-01-23 13:00:00,32151,32213,32142,32195,762,13
1003,2019-01-23 14:00:00,32195,32217,32160,32176,464,14
1004,2019-01-23 15:00:00,32176,32210,32170,32196,489,15
1005,2019-01-23 16:00:00,32196,32208,32180,32201,305,16
1006,2019-01-23 17:00:00,32201,32201,32185,32192,280,17
1007,2019-01-23 18:00:00,32192,32200,32102,32135,939,18
1008,2019-01-23 19:00:00,32135,32143,32057,32085,926,19
1009,2019-01-23 20:00:00,32085,32090,32059,32084,616,20
1010,2019-01-23 21:00:00,32084,32169,32079,32157,596,21
1011,2019-01-23 22:00:00,32157,32179,32137,32166,324,22
1012,2019-01-23 23:00:00,32166,32166,32120,32135,639,23
1013,2019-01-24 09:00:00,32138,32151,32103,32116,365,9
1014,2019-01-24 10:00:00,32116,32117,32076,32085,367,10
1015,2019-01-24 11:00:00,32085,32110,32081,32097,336,11
1016,2019-01-24 12:00:00,32097,32099,32079,32082,525,12
1017,2019-01-24 13:00:00,32082,32088,32054,32078,544,13
1018,2019-01-24 14:00:00,32078,32086,32031,32056,716,14
1019,2019-01-24 15:00:00,32056,32082,32037,32060,478,15
1020,2019-01-24 16:00:00,32060,32078,32006,32006,807,16
1021,2019-01-24 17:00:00,32006,32028,32001,32009,606,17
1022,2019-01-24 18:00:00,32006,32063,32004,32024,649,18
1023,2019-01-24 19:00:00,32024,32050,31987,32026,864,19
1024,2019-01-24 20:00:00,32026,32060,32010,32025,502,20
1025,2019-01-24 21:00:00,32025,32052,32017,32041,211,21
1026,2019-01-24 22:00:00,32041,32041,31997,32016,295,22
1027,2019-01-24 23:00:00,32016,32052,31995,32038,680,23
1028,2019-01-25 09:00:00,32032,32056,32009,32054,307,9
1029,2019-01-25 10:00:00,32054,32068,32046,32065,650,10
1030,2019-01-25 11:00:00,32065,32079,32056,32063,476,11
1031,2019-01-25 12:00:00,32063,32104,32063,32084,528,12
1032,2019-01-25 13:00:00,32084,32105,32062,32064,392,13
1033,2019-01-25 14:00:00,32064,32095,32064,32087,471,14
1034,2019-01-25 15:00:00,32089,32124,32076,32114,673,15
1035,2019-01-25 16:00:00,32114,32145,32095,32128,637,16
1036,2019-01-25 17:00:00,32128,32130,32111,32123,267,17
1037,2019-01-25 18:00:00,32123,32125,32073,32109,323,18
1038,2019-01-25 19:00:00,32109,32225,32105,32187,1476,19
1039,2019-01-25 20:00:00,32187,32337,32185,32284,1484,20
1040,2019-01-25 21:00:00,32284,32382,32281,32378,641,21
1041,2019-01-25 22:00:00,32378,32379,32301,32323,412,22
1042,2019-01-25 23:00:00,32315,32365,32293,32358,754,23
1043,2019-01-28 09:00:00,32400,32528,32400,32496,734,9
1044,2019-01-28 10:00:00,32496,32543,32488,32538,606,10
1045,2019-01-28 11:00:00,32538,32538,32491,32495,469,11
1046,2019-01-28 12:00:00,32495,32516,32475,32503,668,12
1047,2019-01-28 13:00:00,32503,32515,32491,32500,213,13
1048,2019-01-28 14:00:00,32500,32508,32480,32480,220,14
1049,2019-01-28 15:00:00,32480,32522,32456,32515,455,15
1050,2019-01-28 16:00:00,32515,32520,32480,32484,264,16
1051,2019-01-28 17:00:00,32484,32485,32465,32472,310,17
1052,2019-01-28 18:00:00,32470,32505,32468,32481,279,18
1053,2019-01-28 19:00:00,32481,32500,32431,32458,491,19
1054,2019-01-28 20:00:00,32458,32584,32455,32538,928,20
1055,2019-01-28 21:00:00,32538,32560,32506,32535,427,21
1056,2019-01-28 22:00:00,32535,32560,32510,32515,596,22
1057,2019-01-28 23:00:00,32515,32569,32511,32551,703,23
1058,2019-01-29 09:00:00,32545,32589,32545,32557,716,9
1059,2019-01-29 10:00:00,32557,32577,32548,32571,415,10
1060,2019-01-29 11:00:00,32571,32619,32560,32604,689,11
1061,2019-01-29 12:00:00,32604,32619,32585,32618,536,12
1062,2019-01-29 13:00:00,32618,32684,32610,32671,948,13
1063,2019-01-29 14:00:00,32671,32718,32655,32710,714,14
1064,2019-01-29 15:00:00,32710,32715,32671,32691,441,15
1065,2019-01-29 16:00:00,32691,32695,32658,32668,434,16
1066,2019-01-29 17:00:00,32668,32688,32655,32688,442,17
1067,2019-01-29 18:00:00,32688,32780,32680,32711,1229,18
1068,2019-01-29 19:00:00,32711,32732,32705,32722,385,19
1069,2019-01-29 20:00:00,32722,32846,32694,32844,1117,20
1070,2019-01-29 21:00:00,32844,32895,32828,32855,945,21
1071,2019-01-29 22:00:00,32855,32865,32831,32848,367,22
1072,2019-01-29 23:00:00,32847,32939,32845,32898,1191,23
1073,2019-01-30 09:00:00,32918,32989,32918,32964,1010,9
1074,2019-01-30 10:00:00,32964,32970,32940,32957,576,10
1075,2019-01-30 11:00:00,32957,32970,32946,32960,367,11
1076,2019-01-30 12:00:00,32960,32969,32945,32946,547,12
1077,2019-01-30 13:00:00,32946,32960,32939,32952,352,13
1078,2019-01-30 14:00:00,32952,32955,32900,32900,411,14
1079,2019-01-30 15:00:00,32900,32905,32852,32877,745,15
1080,2019-01-30 16:00:00,32877,32898,32842,32880,641,16
1081,2019-01-30 17:00:00,32880,32925,32871,32917,529,17
1082,2019-01-30 18:00:00,32917,32918,32827,32841,593,18
1083,2019-01-30 19:00:00,32841,32895,32839,32882,522,19
1084,2019-01-30 20:00:00,32882,32916,32870,32899,555,20
1085,2019-01-30 21:00:00,32899,32956,32875,32887,665,21
1086,2019-01-30 22:00:00,32887,32907,32873,32894,402,22
1087,2019-01-30 23:00:00,32894,32926,32878,32892,721,23
1088,2019-01-31 09:00:00,32988,32988,32930,32977,737,9
1089,2019-01-31 10:00:00,32977,32987,32925,32953,532,10
1090,2019-01-31 11:00:00,32953,33021,32953,32970,684,11
1091,2019-01-31 12:00:00,32970,33024,32940,33013,498,12
1092,2019-01-31 13:00:00,33013,33068,32996,33053,583,13
1093,2019-01-31 14:00:00,33059,33079,33051,33076,398,14
1094,2019-01-31 15:00:00,33076,33130,33067,33110,604,15
1095,2019-01-31 16:00:00,33110,33155,33103,33138,615,16
1096,2019-01-31 17:00:00,33138,33177,33127,33177,486,17
1097,2019-01-31 18:00:00,33177,33190,33158,33165,412,18
1098,2019-01-31 19:00:00,33165,33272,33165,33190,902,19
1099,2019-01-31 20:00:00,33190,33195,33130,33172,407,20
1100,2019-01-31 21:00:00,33172,33180,33051,33075,458,21
1101,2019-01-31 22:00:00,33075,33075,33029,33040,396,22
1102,2019-01-31 23:00:00,33040,33090,33004,33005,541,23
1103,2019-02-01 09:00:00,33057,33087,33020,33035,144,9
1104,2019-02-01 10:00:00,33035,33043,32994,33038,262,10
1105,2019-02-01 11:00:00,33038,33065,32953,33019,145,11
1106,2019-02-01 12:00:00,33019,33080,32966,33039,274,12
1107,2019-02-01 13:00:00,33039,33106,33039,33100,211,13
1108,2019-02-01 14:00:00,33100,33190,33096,33185,126,14
1109,2019-02-01 15:00:00,33185,33210,33167,33190,54,15
1110,2019-02-01 16:00:00,33190,33245,33190,33245,101,16
1111,2019-02-01 17:00:00,33245,33289,33226,33245,76,17
1112,2019-02-01 18:00:00,33245,33265,33222,33239,45,18
1113,2019-02-01 19:00:00,33238,33265,33198,33265,48,19
1114,2019-02-01 20:00:00,33265,33305,33265,33275,30,20
1115,2019-02-01 21:00:00,33275,33320,33260,33320,58,21
1116,2019-02-01 22:00:00,33320,33320,33260,33270,67,22
1117,2019-02-01 23:00:00,33270,33464,33270,33410,100,23
1118,2019-02-04 09:00:00,33750,33750,33320,33365,15,9
1119,2019-02-04 10:00:00,33365,33365,33255,33277,18,10
1120,2019-02-04 11:00:00,33277,33277,33233,33233,4,11
1121,2019-02-04 12:00:00,33233,33239,33225,33233,7,12
1122,2019-02-04 13:00:00,33233,33289,33233,33241,11,13
1123,2019-02-04 14:00:00,33241,33241,33241,33241,2,14
1124,2019-02-04 15:00:00,33241,33343,33180,33236,22,15
1125,2019-02-04 16:00:00,33236,33344,33230,33230,19,16
1126,2019-02-04 17:00:00,33230,33249,33230,33249,1,17
1127,2019-02-04 18:00:00,33249,33298,33249,33298,1,18
1128,2019-02-04 19:00:00,33298,33298,33230,33230,1,19
1129,2019-02-04 20:00:00,33230,33230,33230,33230,0,20
1130,2019-02-04 21:00:00,33230,33399,33230,33350,3,21
1131,2019-02-04 22:00:00,33350,33350,33350,33350,0,22
1132,2019-02-04 23:00:00,33350,33630,33345,33630,2,23
1133,2019-02-05 10:00:00,33400,33400,33395,33400,5,10
1134,2019-02-05 11:00:00,33400,33400,33400,33400,0,11
1135,2019-02-05 12:00:00,33400,33400,33250,33300,2,12
1136,2019-02-05 13:00:00,33300,33300,33300,33300,1,13
1137,2019-02-05 14:00:00,33300,33300,33240,33240,1,14
1138,2019-02-05 15:00:00,33240,33250,33211,33211,3,15
1139,2019-02-05 16:00:00,33211,33211,33211,33211,0,16
1140,2019-02-05 17:00:00,33211,33300,33211,33300,2,17
